short_id,practice_id,domain,level,title,description
PERF.DESIGN.1,PERF.DESIGN.1,Performance & Quality,1,Informal understanding of system expectations,"Teams have a rough, undocumented view of what “good enough” performance and quality looks like for their systems. Expectations vary by individual and are rarely written down. There is little link between system behaviour and business outcomes."
PERF.DESIGN.2,PERF.DESIGN.2,Performance & Quality,2,Basic non functional expectations captured,"Key systems have simple, documented expectations for response time, error rates and data quality. These are usually captured in design docs or tickets but not consistently reviewed. Business stakeholders are aware of the expectations but do not actively manage to them."
PERF.DESIGN.3,PERF.DESIGN.3,Performance & Quality,3,Defined quality attributes for key services,"Important services have agreed quality attributes such as performance, reliability and data accuracy tied to user journeys. These attributes are documented, reviewed at least annually and used to guide design and acceptance criteria. Trade offs are explicit and risk based."
PERF.DESIGN.4,PERF.DESIGN.4,Performance & Quality,4,Outcome driven design standards,"Design standards require engineers to consider performance, quality and resilience up front for new or changed services. Architectural reviews check evidence that quality attributes are addressed using patterns that have worked in production. Business and technology collaborate to balance speed and quality based on risk."
PERF.DESIGN.5,PERF.DESIGN.5,Performance & Quality,5,Continuous evolution of quality expectations,"Quality attributes and service expectations are regularly refined using real operational and user experience data. Scenario analysis and experiments are used to validate whether designs will hold up under new business models, channels or regulations. The organisation can show how design decisions today anticipate future resilience needs."
PERF.TEST.1,PERF.TEST.1,Performance & Quality,1,Manual testing by individuals,"Testing is mostly manual and informal, done by developers or a small test team before releases. Coverage is patchy and relies heavily on individual knowledge. Regression issues are common after changes."
PERF.TEST.2,PERF.TEST.2,Performance & Quality,2,Basic scripted and acceptance testing,"Key user flows have simple test scripts or checklists that are followed during changes. Unit tests exist for some components, often driven by individual developers. Testing is repeatable but still largely manual and not risk based."
PERF.TEST.3,PERF.TEST.3,Performance & Quality,3,Automated regression and integration testing,"Automated tests cover core business logic, key integrations and common failure paths. Tests run as part of the build or deployment pipeline and must pass before promotion to production. Coverage and failed tests are tracked, with defects feeding a visible backlog."
PERF.TEST.4,PERF.TEST.4,Performance & Quality,4,Risk based and performance aware testing,"Testing strategy is tailored by risk, with higher risk services getting deeper functional, performance and negative path testing. Load and performance tests are integrated into pipelines for critical systems. Test results are monitored over time to identify trends and weak spots."
PERF.TEST.5,PERF.TEST.5,Performance & Quality,5,Continuous validation in and before production,"The organisation uses techniques like feature flags, canary releases and synthetic monitoring to continuously validate behaviour with real traffic. Test suites are regularly updated based on incident learnings and new failure modes. Teams can demonstrate that quality checks evolve as the system and threat landscape change."
PERF.OBS.1,PERF.OBS.1,Performance & Quality,1,Local logs and basic health checks,"Individual teams enable local logs and simple health checks, but coverage varies widely. There is no standard for what is logged and it is hard to get a system wide view of performance or errors. Troubleshooting relies on logging into servers or reading application logs manually."
PERF.OBS.2,PERF.OBS.2,Performance & Quality,2,Central logs for critical systems,"Critical applications send logs to a central platform, usually for security or audit reasons. Some dashboards or searches exist, but they are not consistently maintained. Performance metrics are monitored for a few key components, often infrastructure rather than end user experience."
PERF.OBS.3,PERF.OBS.3,Performance & Quality,3,Standardised observability for key services,"Key services emit standard logs, metrics and alerts that allow teams to see request rates, latency, errors and saturation. Dashboards exist for core user journeys, with alerts for defined thresholds. Teams use these views during incidents and regular service reviews."
PERF.OBS.4,PERF.OBS.4,Performance & Quality,4,End to end performance and user experience monitoring,"The organisation can trace performance from end user to back end, including APIs and data platforms. Synthetic tests and real user monitoring are in place for critical journeys. Performance regressions after changes are detected quickly and linked back to specific deployments or configuration changes."
PERF.OBS.5,PERF.OBS.5,Performance & Quality,5,Data driven optimisation of performance and quality,"Product and engineering teams use observability data to continuously optimise performance and quality in line with business priorities. They experiment, set improvement targets and measure impact on users and operations. Cross system metrics help identify systemic issues, not just local ones."
PERF.DEFECT.1,PERF.DEFECT.1,Performance & Quality,1,Defects tracked inconsistently,Defects are recorded in ad hoc ways or kept in personal lists. Severity and impact are not consistently assessed. Technical debt is rarely captured except in developer notes.
PERF.DEFECT.2,PERF.DEFECT.2,Performance & Quality,2,Basic defect backlog for key systems,"Defects for important systems are logged in a shared tool with severity and priority fields. There is some effort to group and triage issues, but backlogs can become cluttered or stale. Technical debt items are captured sporadically."
PERF.DEFECT.3,PERF.DEFECT.3,Performance & Quality,3,Managed backlog and debt register,"Defects and technical debt are recorded in a structured backlog with clear owners, priorities and target fix windows. Risk and customer impact are considered during triage. Teams review their backlog regularly and can show what they plan to fix versus accept as known risk."
PERF.DEFECT.4,PERF.DEFECT.4,Performance & Quality,4,Risk based remediation and trend tracking,"The organisation tracks trends in defects, incidents and customer complaints and uses this to focus remediation. Technical debt is logged with clear risk descriptions and is included in planning and funding conversations. High risk items have time bound remediation plans that are actively monitored."
PERF.DEFECT.5,PERF.DEFECT.5,Performance & Quality,5,Systemic quality and debt management,"Defect and debt data is used to identify systemic issues in architecture, tooling or ways of working. Senior leaders review quality risk alongside other business risks. The organisation can evidence the impact of sustained investment in quality and show that the overall risk profile is improving."
PERF.REL.1,PERF.REL.1,Performance & Quality,1,Uncontrolled releases and hotfixes,Releases are done manually with little documentation or approval. Hotfixes are common and often made directly in production. There is limited traceability of what changed and when.
PERF.REL.2,PERF.REL.2,Performance & Quality,2,Basic release checklist and approvals,Releases follow a simple checklist and require sign off from a product or technical lead. Some changes are grouped into release windows. Rollback is possible but not often rehearsed.
PERF.REL.3,PERF.REL.3,Performance & Quality,3,Standardised build and deployment process,"Most services use a defined build and deployment process with version control, peer review and promotion through environments. Releases are logged, with clear links to change tickets and test evidence. Rollback procedures are documented and known."
PERF.REL.4,PERF.REL.4,Performance & Quality,4,"Automated, low risk deployments","Automated pipelines perform builds, tests and deployments for key services. Smaller, more frequent releases reduce change risk. Techniques like blue green or canary deployments are used for higher risk systems. Change success rates and change related incidents are tracked."
PERF.REL.5,PERF.REL.5,Performance & Quality,5,Continuous delivery with built in safety,"Teams can deploy when needed without central release gates, using guardrails and automated checks. Business and technology jointly decide where to increase or decrease release frequency based on risk and value. The deployment process is regularly improved using incident and performance data."
AVAIL.SLO.1,AVAIL.SLO.1,Availability & Reliability,1,No formal service level objectives,Availability is discussed informally in terms like “always on” without clear targets. Outages are judged case by case. There is no shared definition of what counts as downtime for key services.
AVAIL.SLO.2,AVAIL.SLO.2,Availability & Reliability,2,Uptime targets for some services,"Some critical services have simple uptime targets or SLAs, usually defined in contracts or internal documents. Measurement is approximate and often based on incident records rather than continuous monitoring."
AVAIL.SLO.3,AVAIL.SLO.3,Availability & Reliability,3,Defined and monitored SLOs for key services,"For important services, service level objectives and error budgets are agreed and measured using monitoring data. SLOs are defined in terms of user experience where possible. Breaches trigger review and discussions about prioritising reliability work."
AVAIL.SLO.4,AVAIL.SLO.4,Availability & Reliability,4,Reliability managed as a product concern,"Product and engineering teams treat reliability as a feature, planning work to maintain SLOs based on error budget consumption. Trade offs between new features and reliability are explicit. SLOs are reviewed regularly as usage patterns and business priorities change."
AVAIL.SLO.5,AVAIL.SLO.5,Availability & Reliability,5,"Adaptive, ecosystem aware reliability goals","SLOs account for dependencies on third party services, networks and data providers. Scenario analysis is used to set realistic but stretching reliability goals. The organisation can explain how its reliability posture supports wider ecosystem resilience, such as critical national infrastructure or partner supply chains."
AVAIL.ARCH.1,AVAIL.ARCH.1,Availability & Reliability,1,Single instance and single region designs,"Many systems rely on a single instance, data store or site. Failures of a single component can lead to full service outages. Resilience is mostly based on hardware reliability and manual interventions."
AVAIL.ARCH.2,AVAIL.ARCH.2,Availability & Reliability,2,Basic redundancy for critical components,"Some critical components have redundancy, such as simple clustering or replication. Failover is possible but may be manual or untested. Dependencies and single points of failure are not systematically documented."
AVAIL.ARCH.3,AVAIL.ARCH.3,Availability & Reliability,3,Resilience patterns used for key services,"Important services use resilience patterns such as multi availability zone deployments, connection pooling and retry logic. Dependencies are mapped and obvious single points of failure are addressed. Architectural standards mention resilience expectations for new services."
AVAIL.ARCH.4,AVAIL.ARCH.4,Availability & Reliability,4,Designed for graceful degradation and failover,"Services are designed to degrade gracefully under failure or overload, for example by limiting non essential features. Multi region or multi provider strategies are used where justified. Failover mechanisms are tested regularly and measured for time to recover."
AVAIL.ARCH.5,AVAIL.ARCH.5,Availability & Reliability,5,Systemic reliability engineering,"Resilience engineering practices such as chaos testing and failure analysis are used to understand how systems behave under stress. Architectural decisions consider systemic risks like common mode failures, shared control planes and complex dependency chains. The organisation can show how resilience patterns have reduced the impact of real incidents."
AVAIL.INC.1,AVAIL.INC.1,Availability & Reliability,1,Ad hoc incident handling,"When an outage occurs, people scramble informally to fix it. There is no clear incident owner, communication plan or consistent logging of what happened. Learnings are often lost."
AVAIL.INC.2,AVAIL.INC.2,Availability & Reliability,2,Basic incident process for major outages,Major incidents follow a simple process with an incident manager and communication to stakeholders. Some incidents are recorded in a shared tool. On call arrangements exist but are not always clear or documented for all services.
AVAIL.INC.3,AVAIL.INC.3,Availability & Reliability,3,Structured incident management and on call,"There is a defined incident management process with severity levels, roles and communication templates. On call rotas and escalation paths are documented and tested. Post incident reviews happen for significant outages, with actions tracked to completion."
AVAIL.INC.4,AVAIL.INC.4,Availability & Reliability,4,Integrated incident command and observability,"Incident responders have access to shared dashboards, logs and runbooks to diagnose issues quickly. Incidents are correlated across systems and channels. Business stakeholders receive timely, accurate updates and can help prioritise recovery steps."
AVAIL.INC.5,AVAIL.INC.5,Availability & Reliability,5,Continuous improvement from availability incidents,"Incident data is analysed to identify systemic issues and improvement themes. The organisation runs game days and simulations to rehearse response to complex failures. On call and incident work is recognised, measured and managed to avoid burnout."
AVAIL.RECOV.1,AVAIL.RECOV.1,Availability & Reliability,1,"Ad hoc backups, rarely tested",Some backups exist but are not consistently configured or documented. Recovery time and data loss in a severe incident are largely unknown. Restores are rare and often fail when needed.
AVAIL.RECOV.2,AVAIL.RECOV.2,Availability & Reliability,2,Basic backup policy for key data,"Critical databases and file stores are backed up on a schedule. Retention periods are defined in a simple policy. Periodic test restores are carried out, but not always documented or aligned to business recovery needs."
AVAIL.RECOV.3,AVAIL.RECOV.3,Availability & Reliability,3,Defined recovery objectives and tested restores,"Recovery time and recovery point objectives are agreed for key services. Backup and restore procedures are documented and tested at least annually. Results of tests are recorded, with remediation actions assigned where gaps are found."
AVAIL.RECOV.4,AVAIL.RECOV.4,Availability & Reliability,4,Integrated continuity and recovery planning,"Business continuity, disaster recovery and IT recovery plans are aligned and exercised together. Secondary sites, regions or alternative channels are available for critical services. The organisation can demonstrate that recovery capabilities keep pace with changes in architecture and data volumes."
AVAIL.RECOV.5,AVAIL.RECOV.5,Availability & Reliability,5,Adaptive continuity and recovery capabilities,"Recovery plans are regularly updated based on scenarios, incidents and changes in the external environment. Dependencies on third parties and shared services are understood and included in exercises. The organisation participates in sector or ecosystem level resilience exercises where relevant."
AVAIL.CHANGE.1,AVAIL.CHANGE.1,Availability & Reliability,1,Changes made directly in production,"Some system changes, including configuration and database updates, are made directly in production. There is little formal assessment of availability risk before deployment. Outages caused by changes are common."
AVAIL.CHANGE.2,AVAIL.CHANGE.2,Availability & Reliability,2,Basic change approvals for high risk work,"A change advisory process exists for higher risk changes, often focusing on infrastructure. Assessment of availability impact is largely subjective. Rollback plans are requested but not always detailed."
AVAIL.CHANGE.3,AVAIL.CHANGE.3,Availability & Reliability,3,Standard change types and deployment windows,"Common low risk changes follow a streamlined process, while higher risk changes get more scrutiny. Deployment windows are chosen to reduce customer impact. Change success and failure rates are monitored."
AVAIL.CHANGE.4,AVAIL.CHANGE.4,Availability & Reliability,4,Engineering led change risk mitigation,"Engineering teams use techniques like staging, configuration as code and automated tests to reduce change risk. Change risk assessments explicitly reference SLOs, dependencies and blast radius. Rollback and mitigation steps are rehearsed for critical changes."
AVAIL.CHANGE.5,AVAIL.CHANGE.5,Availability & Reliability,5,"Dynamic, data informed change control","Change policies adapt based on real world risk and performance. For example, services with a good change history and strong guardrails get faster paths, while fragile systems receive additional controls. The organisation can show how change governance supports both reliability and delivery speed."
SEC.GOV.1,SEC.GOV.1,Security & Safety,1,Implicit security responsibilities,Security is seen as an IT or compliance issue handled by a small team. Roles and responsibilities are not clearly documented. Decisions are often reactive to audit findings or incidents.
SEC.GOV.2,SEC.GOV.2,Security & Safety,2,Basic policies and senior sponsorship,"Core security policies exist and are approved by senior leadership. A nominated security leader or CISO role is in place, even if part time. Policies are communicated, but enforcement and measurement are limited."
SEC.GOV.3,SEC.GOV.3,Security & Safety,3,Risk based security governance,"Security governance is built around a risk register, with regular reviews and clear ownership of key risks. Policies link to practical controls and are aligned with legal and regulatory requirements. Security is represented in key change and design forums."
SEC.GOV.4,SEC.GOV.4,Security & Safety,4,Integrated security and business decision making,"Security risk is considered alongside financial, operational and reputational risk in decision forums. Business units understand their role in managing security. Exceptions to policy are tracked, time bound and justified by risk."
SEC.GOV.5,SEC.GOV.5,Security & Safety,5,"Systemic, ecosystem aware security governance","Governance recognises dependencies on partners, suppliers and shared platforms. The organisation contributes to sector or national security initiatives where relevant. Scenario exercises and threat intelligence inform strategic risk decisions, not just control checklists."
SEC.IAM.1,SEC.IAM.1,Security & Safety,1,Shared accounts and weak authentication,Shared admin accounts and local credentials are common. Password policies are basic or inconsistently applied. Multi factor authentication is rare.
SEC.IAM.2,SEC.IAM.2,Security & Safety,2,Central directory for core systems,"A central identity store exists for employees and is used by key applications. Basic role based access is in place. Multi factor authentication is enabled for some higher risk access, such as remote admin."
SEC.IAM.3,SEC.IAM.3,Security & Safety,3,Standardised identity and access lifecycle,"Joiner, mover and leaver processes are defined and integrated with HR events. Most systems use central identity and single sign on. Privileged access is restricted, logged and reviewed regularly."
SEC.IAM.4,SEC.IAM.4,Security & Safety,4,"Strong, adaptive access controls",Multi factor authentication is the norm for privileged and remote access. Access reviews are risk based and automated where possible. Conditional access and just in time elevation are used for sensitive operations.
SEC.IAM.5,SEC.IAM.5,Security & Safety,5,Identity as a security and resilience control plane,"Identity is used as a consistent control plane across on premises, cloud and SaaS. The organisation monitors and tunes identity signals to detect abuse and unusual patterns. Plans exist to maintain access control in the face of identity provider outages or compromises."
SEC.DETECT.1,SEC.DETECT.1,Security & Safety,1,Local logs with limited review,"Systems generate logs, but they are stored locally or in separate tools. Security relevant events are rarely reviewed unless after an incident. There is no central view of suspicious activity."
SEC.DETECT.2,SEC.DETECT.2,Security & Safety,2,Central logging for key systems,Logs from critical infrastructure and applications are collected centrally. A few basic correlation rules and dashboards exist. Analysts mainly search manually during investigations.
SEC.DETECT.3,SEC.DETECT.3,Security & Safety,3,Defined detection use cases and alerting,"The organisation maintains a set of high value detection use cases such as privileged misuse, unusual data access and policy violations. Alerts are tuned to reduce noise and routed to an operations or security team. Playbooks exist for common alerts."
SEC.DETECT.4,SEC.DETECT.4,Security & Safety,4,Threat informed and behaviour based detection,Detections are informed by current threat intelligence and real incidents. Behaviour and anomaly based techniques complement rule based alerts. Coverage is regularly assessed against reference models or frameworks.
SEC.DETECT.5,SEC.DETECT.5,Security & Safety,5,Continuous improvement of detection coverage,"Detection quality is measured through tests, simulations and purple team exercises. Gaps are fed into a roadmap and addressed in a structured way. Detection content and telemetry are adjusted as the environment and threat landscape evolve."
SEC.IR.1,SEC.IR.1,Security & Safety,1,Ad hoc security incident handling,"Security incidents are handled as general IT issues. There is no specific playbook, classification scheme or crisis escalation path. External reporting obligations may be missed."
SEC.IR.2,SEC.IR.2,Security & Safety,2,Basic security incident response plan,"A documented incident response plan exists, covering roles, high level steps and regulatory reporting triggers. The security team coordinates most security incidents, but not all staff know how to contact them quickly."
SEC.IR.3,SEC.IR.3,Security & Safety,3,Structured security incident management,"Incidents are classified by type and severity, with clear workflows. Evidence handling, containment, eradication and recovery steps are defined. After action reviews are held for serious incidents, with actions tracked."
SEC.IR.4,SEC.IR.4,Security & Safety,4,Crisis management and stakeholder engagement,"Security incidents that could affect customers, regulators or the public are handled through an integrated crisis management process. Communication plans and decision thresholds are rehearsed. The organisation maintains relationships with external partners such as law enforcement or national bodies where appropriate."
SEC.IR.5,SEC.IR.5,Security & Safety,5,Proactive preparation and exercising,"Regular tabletop and technical exercises test response to realistic attack scenarios, including supply chain incidents and data extortion. Lessons learned influence controls, architecture and contracts. The organisation can demonstrate improved response times and reduced impact over time."
SEC.BUILD.1,SEC.BUILD.1,Security & Safety,1,Security considered late in development,Security issues tend to surface during testing or after go live. Developers rely on general awareness rather than specific secure coding standards. Configuration is often managed manually.
SEC.BUILD.2,SEC.BUILD.2,Security & Safety,2,Basic secure coding guidance and reviews,"Secure coding guidelines exist and are shared with developers. Code reviews touch on security, for example avoiding obvious injection or hard coded secrets. Some static analysis tools may be used, but findings are not always triaged."
SEC.BUILD.3,SEC.BUILD.3,Security & Safety,3,Integrated security testing in pipelines,Static and dynamic security tests are integrated into build or deployment pipelines for key applications. Libraries and dependencies are scanned for known vulnerabilities. Security findings are triaged and tracked to closure.
SEC.BUILD.4,SEC.BUILD.4,Security & Safety,4,Secure by design and configuration as code,"Security requirements are captured during design, including data classification and access controls. Infrastructure and configuration are managed as code, reviewed and tested. Threat modeling is performed for higher risk systems."
SEC.BUILD.5,SEC.BUILD.5,Security & Safety,5,"Continuous, collaborative secure engineering",Security engineers and developers work together throughout the lifecycle. Patterns and reusable components simplify secure implementation. The organisation measures and improves the time from vulnerability discovery to remediation across its estate.
SEC.DATA.1,SEC.DATA.1,Security & Safety,1,Limited view of sensitive data,Sensitive data is known in some systems but there is no complete map. Classification is ad hoc and labels are inconsistent. Controls vary by application.
SEC.DATA.2,SEC.DATA.2,Security & Safety,2,Basic data classification and handling rules,Data is classified into a small number of categories with associated handling rules. Some systems enforce encryption at rest and in transit. Staff receive awareness training on handling sensitive data.
SEC.DATA.3,SEC.DATA.3,Security & Safety,3,Consistent protection across key data stores,"Sensitive data locations are documented for core systems. Encryption, access control and logging are consistently applied for these stores. Data retention and disposal rules are implemented for some data sets."
SEC.DATA.4,SEC.DATA.4,Security & Safety,4,Lifecycle management and privacy by design,"Data lifecycle is considered during design, including minimisation, retention and deletion. Privacy impact assessments are performed where required. Data protection controls are tested and monitored."
SEC.DATA.5,SEC.DATA.5,Security & Safety,5,Adaptive data protection and ethics,"Data protection measures adapt to emerging threats and regulatory changes. The organisation considers ethical use of data, not just legal compliance. Cross functional teams review high risk data uses and can show how harm to individuals and society is mitigated."
SEC.THIRD.1,SEC.THIRD.1,Security & Safety,1,Limited view of supplier security risk,Supplier selection focuses on price and functionality. Security is mentioned in contracts but not examined in depth. There is little understanding of how third parties affect overall resilience.
SEC.THIRD.2,SEC.THIRD.2,Security & Safety,2,Basic security clauses in contracts,Standard security and confidentiality clauses appear in most new contracts. Higher risk suppliers may be asked to complete a questionnaire. Ongoing assurance is rare and often manual.
SEC.THIRD.3,SEC.THIRD.3,Security & Safety,3,Tiered supplier risk management,Suppliers are categorised by criticality and data sensitivity. Due diligence requirements and monitoring are defined per tier. Some suppliers provide independent assurance reports or certifications.
SEC.THIRD.4,SEC.THIRD.4,Security & Safety,4,Integrated third party resilience oversight,"The organisation tracks dependencies on cloud, SaaS and outsourced providers and understands the impact of their failure. Contracts include resilience, incident notification and testing expectations. Supplier incidents are included in internal reporting."
SEC.THIRD.5,SEC.THIRD.5,Security & Safety,5,Collaborative supply chain security,"The organisation collaborates with key suppliers and peers on threat information, incident exercises and improvement programs. It evaluates concentration risk and plans for alternative suppliers or failover where appropriate. Supply chain resilience is part of strategic planning."
ADAPT.SENSE.1,ADAPT.SENSE.1,Adaptability & Creativity,1,Change awareness driven by individuals,"Awareness of new threats, technologies or regulations depends on individual interest. There is no structured way to share or act on this information. Responses are reactive when change hits."
ADAPT.SENSE.2,ADAPT.SENSE.2,Adaptability & Creativity,2,Basic horizon scanning in some teams,"Some teams follow industry news, vendor briefings or government alerts. Insights are occasionally shared in meetings or emails. There is no systematic link to risk or strategy."
ADAPT.SENSE.3,ADAPT.SENSE.3,Adaptability & Creativity,3,Structured horizon scanning and risk input,"A regular process exists to review external developments such as threat reports, regulations and technology trends. Outcomes feed into risk registers, roadmaps and training plans. Responsibilities for scanning are defined."
ADAPT.SENSE.4,ADAPT.SENSE.4,Adaptability & Creativity,4,Cross functional foresight and scenario thinking,"Business, technology and risk functions jointly consider how changes could affect services and customers. Scenario workshops explore plausible futures. Output informs investment and architecture choices."
ADAPT.SENSE.5,ADAPT.SENSE.5,Adaptability & Creativity,5,Continuous sensing and strategic adaptation,"The organisation has feedback loops from incidents, customers, regulators and partners that inform strategy. It can give examples where early sensing of change led to proactive moves that improved resilience or created advantage."
ADAPT.EXP.1,ADAPT.EXP.1,Adaptability & Creativity,1,Experiments are rare and informal,Trying new tools or ways of working is difficult due to process or risk concerns. Experiments happen in isolated pockets and are not shared. Failure is often discouraged.
ADAPT.EXP.2,ADAPT.EXP.2,Adaptability & Creativity,2,Small pilots with limited structure,"Teams sometimes run pilots or proofs of concept, usually with vendor support. These are documented in basic terms. Success criteria and learning capture are inconsistent."
ADAPT.EXP.3,ADAPT.EXP.3,Adaptability & Creativity,3,Defined approach to safe experimentation,"There is a clear way to run safe to try experiments, including guardrails for data, security and customer impact. Experiments have hypotheses and success measures. Outcomes are shared beyond the immediate team."
ADAPT.EXP.4,ADAPT.EXP.4,Adaptability & Creativity,4,Portfolio of resilience oriented experiments,"A portion of capacity is reserved for experiments that could improve resilience, such as new observability, automation or architecture patterns. Results influence standards and roadmaps. Leadership supports learning from experiments that did not deliver expected benefits."
ADAPT.EXP.5,ADAPT.EXP.5,Adaptability & Creativity,5,Experimentation embedded in ways of working,Continuous experimentation is part of product and platform teams’ normal work. The organisation can show a track record of scaling experiments into production improvements and retiring unhelpful approaches quickly.
ADAPT.LEARN.1,ADAPT.LEARN.1,Adaptability & Creativity,1,Lessons rarely captured from incidents,"After incidents or near misses, fixes are applied but formal learning is minimal. The same types of issues recur. Knowledge remains in individuals’ heads."
ADAPT.LEARN.2,ADAPT.LEARN.2,Adaptability & Creativity,2,Basic post incident reviews,Some incidents have a short review meeting or document. Actions are identified but may not be tracked systematically. Focus is often on blame rather than system learning.
ADAPT.LEARN.3,ADAPT.LEARN.3,Adaptability & Creativity,3,"Structured, blameless learning practices","Post incident reviews use a standard template focused on contributing factors and system behaviour. Actions are recorded, owned and tracked. Near misses and success stories are also discussed where time allows."
ADAPT.LEARN.4,ADAPT.LEARN.4,Adaptability & Creativity,4,Shared learning across teams and domains,"Insights from reviews are shared across teams and domains, for example via brown bag sessions or internal reports. Patterns and themes are identified and addressed in roadmaps, training or policy updates."
ADAPT.LEARN.5,ADAPT.LEARN.5,Adaptability & Creativity,5,Continuous learning culture,"Learning from incidents, changes and experiments is highly valued and visible in leadership behaviour. The organisation can show how lessons have led to changes in systems, contracts and structures that reduced risk over time."
ADAPT.SCEN.1,ADAPT.SCEN.1,Adaptability & Creativity,1,No regular scenario exercises,The organisation relies on real incidents to test its resilience. Staff have limited practice responding to complex or cross team events.
ADAPT.SCEN.2,ADAPT.SCEN.2,Adaptability & Creativity,2,Occasional tabletop exercises,"Some tabletop exercises are run for compliance or training, often focused on a single scenario like ransomware. Feedback is captured but follow up may be limited."
ADAPT.SCEN.3,ADAPT.SCEN.3,Adaptability & Creativity,3,Planned scenario and stress testing program,"There is a schedule of scenario exercises covering different impact types such as cyber, cloud outage and data breach. Exercises involve relevant functions and suppliers where possible. Actions and gaps are documented and tracked."
ADAPT.SCEN.4,ADAPT.SCEN.4,Adaptability & Creativity,4,"Realistic, cross ecosystem exercising","Scenarios are designed around realistic, multi party events such as sector wide disruptions or simultaneous failures. Technical and business responders participate together. Exercise findings influence strategy, architecture and contracts."
ADAPT.SCEN.5,ADAPT.SCEN.5,Adaptability & Creativity,5,Continuous scenario refinement and innovation,"Scenario design evolves based on emerging risks, threat intelligence and lessons from real incidents. The organisation helps shape industry or national level exercising where relevant. Progress can be evidenced through improved response metrics and reduced surprises."
ADAPT.CULT.1,ADAPT.CULT.1,Adaptability & Creativity,1,Siloed teams and limited collaboration,"Teams work within narrow boundaries. Cross functional collaboration on resilience topics is rare. Psychological safety is low, so people may hide issues."
ADAPT.CULT.2,ADAPT.CULT.2,Adaptability & Creativity,2,Some cross team initiatives,"There are occasional cross functional projects or working groups, often driven by specific incidents or audits. Training on resilience topics is available but not widespread."
ADAPT.CULT.3,ADAPT.CULT.3,Adaptability & Creativity,3,Established cross functional forums,"Regular forums bring together product, operations, security and risk to discuss resilience topics. Training plans address key skills such as incident command, observability and secure design. Staff feel more comfortable raising concerns."
ADAPT.CULT.4,ADAPT.CULT.4,Adaptability & Creativity,4,Resilience minded culture and leadership,"Leaders talk about and reward behaviours that support resilience, such as early risk raising and collaborative problem solving. Stories of good practice are shared. Cross functional communities of practice exist for key themes."
ADAPT.CULT.5,ADAPT.CULT.5,Adaptability & Creativity,5,"Adaptive, learning oriented organisation","The organisation is comfortable adapting roles, processes and structures when needed. People at different levels can describe how their work contributes to resilience. Collaboration extends beyond the organisation to partners, customers and regulators."
AUDIT.LOG.1,AUDIT.LOG.1,Auditability,1,Inconsistent logging of key actions,"Some systems log important events, but there is no standard. Logs are often overwritten or hard to access. It can be difficult to reconstruct who did what and when."
AUDIT.LOG.2,AUDIT.LOG.2,Auditability,2,Central log storage for important systems,"Logs from key infrastructure and applications are retained in central storage for a defined period. Access is controlled. However, log quality and coverage vary and are not routinely reviewed."
AUDIT.LOG.3,AUDIT.LOG.3,Auditability,3,Standardised audit logging for critical activities,"Critical actions such as access changes, configuration updates and data exports are consistently logged with sufficient detail. Log schemas and retention are defined. Teams can demonstrate how they would retrieve evidence for a given time period or user."
AUDIT.LOG.4,AUDIT.LOG.4,Auditability,4,Evidence capture integrated into processes,"Systems and workflows are designed to capture evidence automatically for approvals, exceptions and key business decisions. Logs and records are linked to tickets or cases. Auditors and investigators can self serve common evidence sets."
AUDIT.LOG.5,AUDIT.LOG.5,Auditability,5,Proactive evidence readiness,"Evidence needs for regulators, customers and internal assurance are anticipated and designed in. The organisation tests its ability to produce evidence under time pressure. Logging and record keeping adapt when new systems or regulations are introduced."
AUDIT.TRACE.1,AUDIT.TRACE.1,Auditability,1,Limited end to end traceability,It is hard to trace a transaction or data item across systems. Investigations rely on manual correlation and staff knowledge. Data lineage is mostly undocumented.
AUDIT.TRACE.2,AUDIT.TRACE.2,Auditability,2,Basic tracing for some processes,For some key processes there are diagrams or documents showing which systems are involved. Logs may include shared identifiers that can be used to piece together a path.
AUDIT.TRACE.3,AUDIT.TRACE.3,Auditability,3,Defined traceability for critical journeys,Critical customer and regulatory journeys have defined identifiers that follow them through systems. Tools or standard queries exist to reconstruct these journeys from logs and databases. Data lineage is documented for key data sets.
AUDIT.TRACE.4,AUDIT.TRACE.4,Auditability,4,Tool supported tracing and investigations,"Observability, logging and case management tools provide near real time tracing for important flows. Investigations use standard playbooks and repeatable queries. Findings are reproducible and can be shared with external parties if needed."
AUDIT.TRACE.5,AUDIT.TRACE.5,Auditability,5,System wide traceability as a design principle,New services are required to support traceability and lineage standards. The organisation can show accurate end to end views of complex processes across internal and external systems. Traceability supports both resilience investigations and business optimisation.
AUDIT.ASSET.1,AUDIT.ASSET.1,Auditability,1,Incomplete asset and configuration records,"Hardware, software and cloud assets are recorded in multiple, inconsistent lists. Some critical systems may not be fully documented. Configuration changes are not tracked centrally."
AUDIT.ASSET.2,AUDIT.ASSET.2,Auditability,2,Basic asset inventory for key environments,"An inventory exists for critical servers, networks and cloud accounts. Ownership is recorded, but accuracy and completeness are not regularly verified. Configuration data is captured in some tools."
AUDIT.ASSET.3,AUDIT.ASSET.3,Auditability,3,Managed asset and configuration baseline,"The organisation maintains a reasonably complete inventory of assets, including cloud resources and key SaaS services. Configuration baselines exist for important platforms. Changes are tracked and can be reported over time."
AUDIT.ASSET.4,AUDIT.ASSET.4,Auditability,4,"Integrated asset, config and data flow view","Asset and configuration data is linked to services, data flows and owners. It is possible to answer questions like “where is this data processed” or “which systems depend on this component” using available records. Accuracy is checked regularly."
AUDIT.ASSET.5,AUDIT.ASSET.5,Auditability,5,"Dynamic, accurate view of the estate","Discovery, CMDB and configuration as code practices keep asset and configuration information up to date. Data lineage and system dependencies are visible for both on premises and cloud. This information is used during incidents, change planning and risk assessments."
AUDIT.COMP.1,AUDIT.COMP.1,Auditability,1,Compliance activities driven by audits,Compliance requirements are addressed when audits or regulatory reviews arise. Evidence collection is manual and stressful. Control ownership is unclear.
AUDIT.COMP.2,AUDIT.COMP.2,Auditability,2,Defined control library and owners,A basic library of controls exists for main regulations or frameworks. Control owners are named and understand their responsibilities. Evidence is stored in shared locations but may be fragmented.
AUDIT.COMP.3,AUDIT.COMP.3,Auditability,3,Planned assurance and control testing,"There is an annual or multi year assurance plan. Key controls are tested on a schedule, with results recorded and issues tracked. Gaps and exceptions are logged with remediation plans."
AUDIT.COMP.4,AUDIT.COMP.4,Auditability,4,Continuous control monitoring where feasible,"For some controls, automated monitoring replaces or supplements periodic testing. Dashboards show control status and exceptions. Assurance activities are coordinated across security, risk and internal audit."
AUDIT.COMP.5,AUDIT.COMP.5,Auditability,5,"Integrated, risk based assurance","Assurance focuses on areas of highest risk, informed by incidents, change and external developments. The organisation can demonstrate alignment between controls, risks and business objectives. Regulatory relationships are proactive rather than purely reactive."
CAP.PLAN.1,CAP.PLAN.1,Capacity & Elasticity,1,Reactive response to capacity issues,"Capacity problems are typically discovered when systems slow down or fail. Responses are manual, such as adding servers or asking users to retry later. Capacity planning is ad hoc."
CAP.PLAN.2,CAP.PLAN.2,Capacity & Elasticity,2,Basic capacity thresholds for key components,"Some monitoring exists for CPU, memory and storage thresholds on critical systems. When alerts fire, teams adjust capacity. Forward planning is based on rough estimates or past incidents."
CAP.PLAN.3,CAP.PLAN.3,Capacity & Elasticity,3,Data informed capacity planning for key services,"Usage data and growth trends are used to forecast capacity needs for important services. Plans consider peak loads, seasonal patterns and business events. Capacity risks are documented and discussed with stakeholders."
CAP.PLAN.4,CAP.PLAN.4,Capacity & Elasticity,4,Integrated capacity planning across platforms,"Capacity plans account for dependencies across infrastructure, applications and data platforms. Cloud and on premises resources are considered together. Capacity is aligned with SLOs and cost constraints."
CAP.PLAN.5,CAP.PLAN.5,Capacity & Elasticity,5,Adaptive capacity strategy,"Capacity plans are regularly updated based on real usage and experiments. The organisation can demonstrate how it prepares for new products, channels or regulations that may significantly change load. Capacity risk is part of enterprise risk discussions."
CAP.ELAST.1,CAP.ELAST.1,Capacity & Elasticity,1,Mostly static infrastructure,Systems are provisioned for peak load manually. Scaling up or down is slow and requires significant effort. Overprovisioning or underprovisioning is common.
CAP.ELAST.2,CAP.ELAST.2,Capacity & Elasticity,2,Basic horizontal scaling for some components,"Some web or stateless tiers can be scaled horizontally, often with manual steps. Cloud auto scaling may be enabled but not tuned. Stateful components remain static."
CAP.ELAST.3,CAP.ELAST.3,Capacity & Elasticity,3,Managed elasticity for key services,"Critical services make use of auto scaling, queueing or other elasticity mechanisms. Scaling policies are defined and monitored. Capacity changes are logged and reviewed."
CAP.ELAST.4,CAP.ELAST.4,Capacity & Elasticity,4,Elasticity patterns standardised and reused,"Architectural patterns promote elastic design for new services, such as stateless compute, managed data stores and decoupled components. Platform teams provide reusable services and guidance. Elasticity is considered in change and design reviews."
CAP.ELAST.5,CAP.ELAST.5,Capacity & Elasticity,5,Elasticity aligned with resilience and cost,Elasticity strategies are designed to support both resilience and efficient spend. The organisation can show how scaling behaviour during real events protected services while controlling cost. Elasticity patterns evolve as platforms and business needs change.
CAP.DEMAND.1,CAP.DEMAND.1,Capacity & Elasticity,1,Little control over system demand,"All requests are treated equally. During overload, systems fail in unpredictable ways. There is limited ability to protect critical workloads."
CAP.DEMAND.2,CAP.DEMAND.2,Capacity & Elasticity,2,Basic rate limits for some interfaces,Some APIs or services have simple rate limits to prevent abuse. Limit values are not always tuned and may frustrate users. Manual actions are needed to adjust limits during events.
CAP.DEMAND.3,CAP.DEMAND.3,Capacity & Elasticity,3,Demand management for critical paths,"Critical services implement throttling, queuing or prioritisation for high value transactions. Graceful error messages or alternative channels exist for lower priority requests during overload. Decisions on who is protected are documented."
CAP.DEMAND.4,CAP.DEMAND.4,Capacity & Elasticity,4,Coordinated demand shaping across systems,"Demand management is considered across related systems, not just individual components. For example, bots, batch jobs or non urgent reporting can be slowed or paused during peak periods. Operators have playbooks to adjust demand controls during incidents."
CAP.DEMAND.5,CAP.DEMAND.5,Capacity & Elasticity,5,Dynamic demand control based on risk and value,"Demand controls adapt in near real time based on metrics and business priorities. The organisation can explain how it would protect critical users or services during extreme events, using data from past incidents and simulations."
CAP.LOAD.1,CAP.LOAD.1,Capacity & Elasticity,1,Load testing rarely performed,"Systems are assumed to cope without explicit testing. Load tests, if any, are run only before major go lives. Results are not reused."
CAP.LOAD.2,CAP.LOAD.2,Capacity & Elasticity,2,One off load tests for critical launches,"For some important projects, a load test is performed and basic issues are fixed. Tests focus on expected traffic levels and are not repeated later."
CAP.LOAD.3,CAP.LOAD.3,Capacity & Elasticity,3,Regular load testing for key services,"Key services have periodic load or stress tests, for example annually or before major events. Results are documented, with clear understanding of failure points and safety margins. Tests are designed with input from business and operations."
CAP.LOAD.4,CAP.LOAD.4,Capacity & Elasticity,4,Integrated load and resilience testing,"Load tests also check resilience features such as failover, throttling and graceful degradation. Automated or scripted load tests are part of pre production verification for critical changes. Findings feed into capacity, architecture and incident plans."
CAP.LOAD.5,CAP.LOAD.5,Capacity & Elasticity,5,Continuous performance and stress experimentation,"The organisation runs smaller, more frequent experiments to validate performance and capacity in production like conditions. It can show how these tests helped detect issues before they affected customers at scale."
COST.VIS.1,COST.VIS.1,Efficiency & Cost,1,Limited visibility of digital and cloud spend,"Technology and cloud costs are seen as a single budget line. Teams have little insight into how costs relate to services, environments or customers. Surprises are common."
COST.VIS.2,COST.VIS.2,Efficiency & Cost,2,Basic cost reports for major platforms,Finance or platform teams produce periodic reports for key platforms or vendors. These may show spend by account or subscription. Mapping to services and teams is partial.
COST.VIS.3,COST.VIS.3,Efficiency & Cost,3,Service and team level cost views,"Costs are allocated or tagged to services, environments or teams where feasible. Dashboards allow owners to see their spend over time. Large variances are investigated."
COST.VIS.4,COST.VIS.4,Efficiency & Cost,4,Cost visibility integrated into decision making,"Cost information is used when prioritising work, selecting architectures and negotiating contracts. Teams can see the impact of changes on cost. Cost and resilience trade offs are surfaced."
COST.VIS.5,COST.VIS.5,Efficiency & Cost,5,Value oriented financial transparency,"Cost views are combined with value metrics such as usage, revenue or mission outcomes. The organisation can explain which services are most expensive per unit of value and whether that is justified by resilience or other factors."
COST.OPT.1,COST.OPT.1,Efficiency & Cost,1,Reactive cost cutting,"Cost reduction actions tend to be reactive, for example after a budget challenge. They may focus on headline items without considering risk or long term impact."
COST.OPT.2,COST.OPT.2,Efficiency & Cost,2,Simple optimisation of obvious waste,"Teams close unused resources, reduce overprovisioning and cancel surplus licences when noticed. Some basic guidance exists on right sizing."
COST.OPT.3,COST.OPT.3,Efficiency & Cost,3,Structured optimisation program,"There is a regular review of digital and cloud costs to identify optimisation opportunities. Actions such as right sizing, reserved instances or storage tiering are tracked. Savings targets are agreed with teams."
COST.OPT.4,COST.OPT.4,Efficiency & Cost,4,Optimisation aligned with resilience and performance,"Cost efforts are balanced with resilience, security and performance needs. The organisation can show where it chose to spend more to reduce risk, and where it safely reduced spend. Technical and finance teams collaborate on decisions."
COST.OPT.5,COST.OPT.5,Efficiency & Cost,5,Continuous efficiency improvement,"Efficiency is part of normal delivery and operations work. Teams monitor both cost and utilisation metrics. Savings from optimisation are reinvested in resilience, innovation or user experience."
COST.AUTO.1,COST.AUTO.1,Efficiency & Cost,1,High manual toil in operations,"Many routine tasks such as log collection, user provisioning or environment setup are manual. Errors and delays are common. Automation opportunities are known but not prioritised."
COST.AUTO.2,COST.AUTO.2,Efficiency & Cost,2,Scripts and small automations in pockets,Individual engineers or teams write scripts and small tools to speed up recurring tasks. These are helpful but not documented or supported centrally.
COST.AUTO.3,COST.AUTO.3,Efficiency & Cost,3,Planned automation of key workflows,"The organisation identifies high toil processes and prioritises them for automation. Workflow or orchestration tools are used for common tasks such as deployments, ticket routing or incident notification. Benefits are measured."
COST.AUTO.4,COST.AUTO.4,Efficiency & Cost,4,Automation as a shared platform capability,"Platform teams provide reusable automation components, for example self service environments, standard pipelines or runbooks. Governance ensures automation is secure, reliable and maintained. Manual work in these areas reduces over time."
COST.AUTO.5,COST.AUTO.5,Efficiency & Cost,5,Automation optimised for resilience and people,"Automation is designed to support resilient operations and reduce cognitive load, not just cost. The organisation can show where automation has prevented incidents or sped up recovery. Staff have time freed up for higher value work."
COST.VALUE.1,COST.VALUE.1,Efficiency & Cost,1,Unclear link between digital spend and value,"Many systems persist due to history, not active choice. It is hard to say which services should be grown, maintained or retired. Value is assumed rather than measured."
COST.VALUE.2,COST.VALUE.2,Efficiency & Cost,2,Basic portfolio lists and priorities,"There is a list of applications or services with rough criticality ratings. Decisions to invest or retire are made case by case, often driven by risk or vendor support dates."
COST.VALUE.3,COST.VALUE.3,Efficiency & Cost,3,Portfolio management with value and risk views,"Services are grouped into a portfolio with information on cost, usage, risk and business owner. Periodic reviews decide where to invest, hold or retire. Some low value or redundant services are decommissioned."
COST.VALUE.4,COST.VALUE.4,Efficiency & Cost,4,Strategic alignment of digital portfolio,"Portfolio decisions are clearly linked to strategy, resilience needs and customer outcomes. High value, high risk services receive priority investment. Low value, high cost services are targeted for redesign or retirement."
COST.VALUE.5,COST.VALUE.5,Efficiency & Cost,5,Dynamic portfolio shaped by outcomes,"Portfolio decisions respond to changing conditions such as new channels, regulations or threats. The organisation can give examples where retiring or consolidating services reduced complexity and improved resilience and cost."
USE.UX.1,USE.UX.1,Usability & Operability,1,User experience and accessibility largely untested,Interfaces are designed based on developer or product intuition. Accessibility is rarely considered. Support relies on users calling or emailing when they struggle.
USE.UX.2,USE.UX.2,Usability & Operability,2,Basic UX and support for key services,Some user research or feedback informs design for important services. Support channels such as helpdesk or chat are available. Accessibility is considered in a limited way.
USE.UX.3,USE.UX.3,Usability & Operability,3,User centred design and support practices,"Product teams use user research, usability testing and analytics for their services. Accessibility standards are applied to new developments. Support teams have knowledge bases and clear routes to escalate issues."
USE.UX.4,USE.UX.4,Usability & Operability,4,"Integrated UX, resilience and support","User experience design explicitly considers errors, outages and degraded modes, for example clear messages and self service options. Support teams are involved in design and rollout. User feedback on reliability is monitored and fed into roadmaps."
USE.UX.5,USE.UX.5,Usability & Operability,5,"Inclusive, resilient user experience","Services are designed to be accessible and usable for diverse users, including during incidents. The organisation can show how UX and support improvements have reduced user errors, support requests and operational load while improving resilience."
USE.OPER.1,USE.OPER.1,Usability & Operability,1,Operability considered late,"Operational needs such as monitoring, runbooks and logging are added near go live if time allows. Operating a service can be complex and fragile."
USE.OPER.2,USE.OPER.2,Usability & Operability,2,Basic operability checklists,"Some teams use checklists to ensure monitoring, alerts and access are in place before go live. Operators are briefed on new services but may lack deep understanding."
USE.OPER.3,USE.OPER.3,Usability & Operability,3,Operability requirements in design and build,"Operability needs such as observability, configuration management, support tooling and access are captured during design. Operations staff or SREs review new services before launch. Issues found are fixed before acceptance."
USE.OPER.4,USE.OPER.4,Usability & Operability,4,Shared responsibility for operability,"Product, engineering and operations share responsibility for keeping services healthy. Error budgets, operational reviews and support metrics influence planning. Operability improvements are planned and funded."
USE.OPER.5,USE.OPER.5,Usability & Operability,5,Operability by default,"Design patterns and platforms make it easy to build operable services. The organisation can show that new services typically launch with strong operability and lower incident rates. Operability is part of the culture, not just a checklist."
USE.RUNBOOK.1,USE.RUNBOOK.1,Usability & Operability,1,Knowledge in people’s heads,"Common tasks and incident responses rely on the memory of a few individuals. If they are unavailable, resolution is slow. Written instructions are rare or outdated."
USE.RUNBOOK.2,USE.RUNBOOK.2,Usability & Operability,2,Basic runbooks for some critical tasks,"For some high impact incidents or maintenance tasks, there are simple runbooks or checklists. These may be stored in shared folders or wikis. Updates are ad hoc."
USE.RUNBOOK.3,USE.RUNBOOK.3,Usability & Operability,3,Structured runbooks and procedures,"Common operational tasks and incident types have documented, step by step runbooks. Runbooks are referenced during incidents and training. Ownership and review cycles are defined."
USE.RUNBOOK.4,USE.RUNBOOK.4,Usability & Operability,4,Runbooks integrated with tooling,Runbooks are linked from monitoring and ticketing tools so responders can access them quickly. Some steps are automated or semi automated. Feedback from use is captured and used to improve content.
USE.RUNBOOK.5,USE.RUNBOOK.5,Usability & Operability,5,"Living, tested operational knowledge base",Runbooks are regularly tested through drills or game days. Content evolves as systems and teams change. New staff can ramp up more quickly because procedures and context are clear and accessible.
USE.HUMAN.1,USE.HUMAN.1,Usability & Operability,1,Little focus on human factors in operations,"On call, shift work and complex tooling create high cognitive load. Fatigue and stress are managed informally by individuals. Errors may be attributed to “human error” rather than system design."
USE.HUMAN.2,USE.HUMAN.2,Usability & Operability,2,Basic attention to shifts and workload,"On call rotas and shift patterns exist, with some attention to fairness. Some guidance is given on taking breaks and handovers. Tooling may remain complex."
USE.HUMAN.3,USE.HUMAN.3,Usability & Operability,3,Consideration of human factors in design and process,"Interfaces, alerts and procedures consider the people who use them. For example, alert floods are reduced, and handover templates are used. Leaders recognise burnout risks and act on feedback."
USE.HUMAN.4,USE.HUMAN.4,Usability & Operability,4,Proactive management of cognitive load and fatigue,"Metrics such as alert volume, incident frequency and overtime are monitored. Capacity is adjusted to reduce chronic overload. Training and peer support are available for responders."
USE.HUMAN.5,USE.HUMAN.5,Usability & Operability,5,Human centred resilience practices,"Human factors experts or trained staff contribute to incident reviews and design work. The organisation can show how changes to tooling, schedules or culture reduced human related errors and improved retention and performance."